company,status,ats_type,career_url,error
WitnessAI,exists,https://jobs.ashbyhq.com/witnessai,,
Wasabi,exists,https://job-boards.greenhouse.io/wasabi,,
Stream,exists,https://jobs.ashbyhq.com/stream,,
Cyclic Materials,exists,unknown,,
Datarails,exists,https://job-boards.greenhouse.io/datarails,,
Duetti,exists,unknown,,
LiveKit,exists,https://jobs.ashbyhq.com/livekit,,
Mesh,exists,https://job-boards.greenhouse.io/mesh,,
Pomelo,exists,https://jobs.ashbyhq.com/pomeloinc/86558fcf-7b3e-4981-8345-5cd34297e41f,,
RobCo,exists,https://jobs.ashbyhq.com/robco,,
Swap,exists,https://jobs.ashbyhq.com/swap,,
osapiens,exists,unknown,,
Aikido Security,exists,unknown,,
Ethernovia,exists,https://job-boards.greenhouse.io/ethernovia,,
Hydrosat,exists,https://apply.workable.com/hydrosat,,
Ivo,exists,https://jobs.lever.co/ivo,,
Northwood,exists,unknown,,
Orbem,exists,unknown,,
Railway,exists,,,
Tandem,exists,https://jobs.ashbyhq.com/tandem,,
Superstate,exists,https://jobs.lever.co/superstate,,
Freeform,exists,unknown,,
Orbital,exists,https://jobs.ashbyhq.com/orbital,,
Emergent,exists,https://apply.workable.com/emergent,,
Higgsfield AI,exists,https://jobs.ashbyhq.com/higgsfieldai,,
Cubby,exists,https://apply.workable.com/cubby,,
Jetson,exists,unknown,,
Snout,exists,https://apply.workable.com/snout,,
Factify,exists,unknown,,
Summize,exists,unknown,,
DealHub.io,exists,unknown,,
Credit Key,exists,unknown,,
Propy,exists,unknown,,
Sokin,exists,unknown,,
CHAMP,exists,https://apply.workable.com/champ,,
d-Matrix,exists,https://jobs.ashbyhq.com/d-matrix,,
Luma AI,exists,unknown,,
Suno,exists,https://jobs.ashbyhq.com/suno,,
MainFunc,exists,unknown,,
Harmonic,exists,https://jobs.ashbyhq.com/harmonic,,
Black Forest Labs,exists,https://job-boards.greenhouse.io/blackforestlabs,,
Curative,exists,https://job-boards.greenhouse.io/curative,,
ICEYE,exists,https://jobs.ashbyhq.com/iceye,,
Unconventional AI,exists,unknown,,
Saviynt,exists,https://jobs.lever.co/saviynt,,
K2 Space,exists,unknown,,
Chai Discovery,exists,https://jobs.ashbyhq.com/chaidiscovery,,
Radiant,exists,https://job-boards.greenhouse.io/radiant,,
Imprint,exists,https://jobs.ashbyhq.com/imprint,,
Fuse Energy,exists,https://apply.workable.com/fuseenergy,,
Nirvana Insurance,exists,unknown,,
Tulip Interfaces,exists,unknown,,
Hadrian,exists,,,
Arena,exists,https://jobs.ashbyhq.com/arena,,
BrainCo,exists,https://jobs.ashbyhq.com/brainco,,
Rain,exists,https://jobs.ashbyhq.com/rain,,
Torq,exists,https://job-boards.greenhouse.io/torq,,
Harmattan AI,exists,unknown,,
Etched,exists,https://jobs.ashbyhq.com/etched,,
Deepgram,exists,https://jobs.ashbyhq.com/deepgram,,
Higgsfield AI,exists,https://jobs.ashbyhq.com/higgsfieldai,,
Alpaca,exists,,,
one â€¢ fÄ±ve,exists,unknown,,
ZBD,exists,unknown,,
LinearB,exists,https://apply.workable.com/linearb,,
Converge Bio,exists,unknown,,
AnswersNow,exists,https://jobs.ashbyhq.com/answersnow,,
Array Labs,exists,unknown,,
Quadric,exists,https://apply.workable.com/quadric,,
Cosmos,exists,https://jobs.ashbyhq.com/cosmos,,
Fanvue,exists,https://jobs.ashbyhq.com/fanvue.com,,
Tive,exists,unknown,,
Klearly,exists,https://apply.workable.com/klearly,,
RISA,exists,unknown,,
Fleetzero,exists,https://jobs.lever.co/fleetzero,,
IO River,exists,unknown,,
depthfirst,exists,https://jobs.ashbyhq.com/depthfirst,,
Twentyfour Industries,exists,unknown,,
Monnai,exists,unknown,,
Squads,exists,https://jobs.ashbyhq.com/squads,,
Cambio,exists,https://jobs.ashbyhq.com/cambio,,
Dominion Dynamics,exists,unknown,,
Elyos AI,exists,unknown,,
Midnite,exists,https://apply.workable.com/midnite,,
Artie,exists,https://apply.workable.com/artie,,
interos.ai,exists,unknown,,
Sinpex,exists,unknown,,
Autonomous Technologies Group,exists,unknown,,
Babylon Labs,exists,unknown,,
Flywheel.io,exists,https://apply.workable.com/flywheel,,
SkyFi,exists,unknown,,
Protege,exists,https://jobs.ashbyhq.com/protege,,
Flip,exists,https://job-boards.greenhouse.io/flip,,
WithCoverage,exists,https://job-boards.greenhouse.io/withcoverage,,
GovDash,exists,https://jobs.ashbyhq.com/govdash,,
Benepass,exists,https://jobs.ashbyhq.com/benepass,,
Video Rebirth,exists,unknown,,
Credix,exists,unknown,,
Inception,exists,https://apply.workable.com/inception,,
Ursa Major,exists,unknown,,
Upway,exists,https://apply.workable.com/upway,,
Addi,exists,https://jobs.ashbyhq.com/addi,,
AILY LABS,exists,unknown,,
Vay,exists,https://job-boards.greenhouse.io/vay,,
Neros,exists,unknown,,
CoLab,exists,https://apply.workable.com/colab,,
Sweet Security,exists,https://job-boards.greenhouse.io/sweetsecurity,,
House Rx,exists,https://boards.greenhouse.io/houserx,,
Emerald AI,exists,unknown,,
ConductorOne,exists,https://jobs.ashbyhq.com/conductorone,,
Beacon Biosignals,exists,https://job-boards.greenhouse.io/beaconbiosignals,,
Parallel Web Systems,exists,unknown,,
Rogo,exists,https://jobs.ashbyhq.com/rogo,,
Venn,exists,https://jobs.ashbyhq.com/venn,,
Amperesand,exists,https://job-boards.greenhouse.io/amperesand,,
Reevo,exists,https://jobs.ashbyhq.com/reevo,,
Lumafield,exists,https://jobs.lever.co/lumafield,,
Norm Ai,exists,unknown,,
Doppel,exists,https://jobs.ashbyhq.com/doppel,,
Argon AI,exists,unknown,,
PINC Technologies,exists,unknown,,
"Mivium,",exists,unknown,,
Trypillian,exists,unknown,,
Lucidean,exists,unknown,,
Netpreme,exists,https://jobs.ashbyhq.com/netpreme,,
General Reasoning,exists,unknown,,
Poseidon,exists,https://poseidon.breezy.hr,,
Isentroniq,exists,unknown,,
Pangolin,exists,https://apply.workable.com/pangolin,,
Cyberwave,exists,unknown,,
Pointer,exists,https://apply.workable.com/pointer,,
HiO,exists,https://apply.workable.com/hio,,
Magic Patterns,exists,https://jobs.ashbyhq.com/magicpatterns,,
Cascade Space,exists,unknown,,
Composite,exists,https://jobs.ashbyhq.com/composite,,
Epiminds,exists,unknown,,
Dialogue AI,exists,https://jobs.ashbyhq.com/dialogueai,,
Lava,exists,https://apply.workable.com/lava,,
Flai,exists,https://jobs.ashbyhq.com/flai,,
Nozomio,exists,unknown,,
Vulcan,exists,https://apply.workable.com/vulcan,,
Cerrion,exists,unknown,,
Majestic Labs ai,exists,unknown,,
Agentio,exists,https://jobs.ashbyhq.com/agentio,,
Method Security,exists,unknown,,
Quindar,exists,https://jobs.ashbyhq.com/quindar,,
Foxglove,exists,https://jobs.ashbyhq.com/foxglove,,
GC AI,exists,unknown,,
Mnzil | Ù…Ù†Ø²Ù„,exists,unknown,,
Digitail,exists,unknown,,
Tavus,exists,https://jobs.ashbyhq.com/tavus,,
Nest Health,exists,unknown,,
Stuut,exists,unknown,,
Joy Parenting Club,exists,unknown,,
Feroot Security,exists,unknown,,
Bronto,exists,unknown,,
Great Question,exists,https://jobs.ashbyhq.com/greatquestion,,
Twenty,exists,https://jobs.ashbyhq.com/twenty,,
Automat,exists,https://jobs.ashbyhq.com/automat,,
Infracost,exists,https://jobs.ashbyhq.com/infracost,,
OpenHands,exists,https://jobs.ashbyhq.com/openhands,,
Apono,exists,https://apply.workable.com/apono,,
Bedrock Data,exists,unknown,,
Coverbase,exists,https://jobs.ashbyhq.com/coverbase,,
Maybern,exists,https://jobs.ashbyhq.com/maybern,,
voize,exists,https://jobs.ashbyhq.com/voize,,
TULU,exists,https://apply.workable.com/tulu,,
AirOps,exists,https://jobs.ashbyhq.com/airops,,
Sphere,exists,https://jobs.ashbyhq.com/sphere,,
Anzen Insurance,exists,unknown,,
Wispr Flow,exists,unknown,,
CoPlane,exists,unknown,,
Jiga,exists,https://apply.workable.com/jiga,,
Obello,exists,https://apply.workable.com/obello,,
Ridley,exists,unknown,,
FlyteHealth,exists,unknown,,
MIRA,exists,https://apply.workable.com/mira,,
Pibit.AI,exists,unknown,,
Deductive AI,exists,unknown,,
Milestone,exists,https://apply.workable.com/milestone,,
Hapiko,exists,unknown,,
Uare.ai,exists,unknown,,
PolyModels Hub,exists,https://apply.workable.com/polymodels-hub/,,
lizzyAI,exists,unknown,,
Voltrac,exists,https://jobs.ashbyhq.com/voltrac,,
Carba,exists,unknown,,
Reelables,exists,https://apply.workable.com/reelables,,
Laka,exists,https://apply.workable.com/laka,,
Voio,exists,unknown,,
Morphle Labs,exists,unknown,,
Prem AI,exists,unknown,,
Guide Labs,exists,unknown,,
Autolane,exists,https://apply.workable.com/autolane,,
Localbird,exists,unknown,,
Made Card,exists,https://jobs.ashbyhq.com/madecard,,
FamilyWell Health,exists,https://jobs.lever.co/familywellhealth,,
Luminal AI,exists,unknown,,
Track Titan,exists,unknown,,
SpaceComputer | Orbital Root of Trust,exists,unknown,,
BluePill AI,exists,unknown,,
Raylu,exists,unknown,,
Sunflower ðŸŒ»,exists,unknown,,
Periodic Labs,exists,unknown,,
FieldAI,exists,unknown,,
inDrive,exists,unknown,,
Tide,exists,https://job-boards.greenhouse.io/tide,,
Distyl,exists,https://jobs.ashbyhq.com/distyl,,
Filevine,exists,https://jobs.lever.co/filevine,,
Modular,exists,unknown,,
Thyme Care,exists,unknown,,
Base Power,exists,unknown,,
Reflection AI,exists,https://jobs.ashbyhq.com/reflectionai,,
n8n,exists,https://jobs.ashbyhq.com/n8n,,
Govini,exists,https://job-boards.greenhouse.io/govini,,
Vantaca,exists,unknown,,
NewLimit,exists,https://job-boards.greenhouse.io/newlimit,,
ShopMy,exists,https://job-boards.greenhouse.io/shopmy,,
SheMed,exists,https://job-boards.greenhouse.io/shemed,,
Fireworks AI,exists,https://job-boards.greenhouse.io/fireworksai,,
Substrate,exists,https://jobs.ashbyhq.com/substrate,,
Legora,exists,https://jobs.ashbyhq.com/legora,,
Beacon Software,exists,https://job-boards.greenhouse.io/beaconsoftware,,
Metropolis,exists,https://job-boards.greenhouse.io/metropolis,,
Gamma,exists,https://jobs.ashbyhq.com/gamma,,
Scribe,exists,https://jobs.ashbyhq.com/scribe,,
Digicust,exists,unknown,,
AllScale,exists,unknown,,
minitap,exists,unknown,,
Azoma,exists,unknown,,
Juo,exists,unknown,,
Noteless,exists,unknown,,
FICUS HEALTH,exists,unknown,,
Cellbyte,exists,unknown,,
Curvestone AI,exists,unknown,,
anyformat,exists,unknown,,
Struck,exists,https://job-boards.greenhouse.io/struck,,
SubImage (YC W25),exists,unknown,,
Donna,exists,https://apply.workable.com/donna,,
Clipbook,exists,https://jobs.ashbyhq.com/clipbook,,
Logistica OS,exists,unknown,,
Dialog,exists,https://apply.workable.com/dialog,,
Neuralk AI,exists,unknown,,
Adclear,exists,unknown,,
"Realm.Security,",exists,https://job-boards.greenhouse.io/realm,,
Glowtify,exists,unknown,,
Glitch,exists,https://apply.workable.com/glitch,,
Frugal,exists,unknown,,
Quantum Dice,exists,unknown,,
GoDutch,exists,unknown,,
Asseta AI,exists,unknown,,
Soxton.AI,exists,https://jobs.ashbyhq.com/soxton,,
Omnilex,exists,unknown,,
Liablix,exists,unknown,,
Songscription,exists,unknown,,
Ascentra,exists,unknown,,
Deduction.com,exists,unknown,,
Eve,exists,https://apply.workable.com/eve,,
PolyAI,exists,https://job-boards.greenhouse.io/polyai,,
Nirvana Insurance,exists,unknown,,
Deepgram,exists,https://jobs.ashbyhq.com/deepgram,,
Zafran Security,exists,unknown,,
Axiado,exists,unknown,,
Encord,exists,https://jobs.lever.co/CordTechnologies/e8549e64-8ef9-4620-8768-45baa36965d8,,
Last Energy,exists,https://jobs.lever.co/last-energy,,
Quantum Art,exists,unknown,,
wrtn technologies,exists,unknown,,
Neural Concept,exists,https://jobs.ashbyhq.com/neuralconcept,,
Nu Quantum,exists,unknown,,
Celero Communications,exists,https://job-boards.greenhouse.io/celerocommunicationsinc/jobs/4116176009,,
Numeric,exists,https://jobs.ashbyhq.com/numeric,,
Vatn Systems,exists,https://job-boards.greenhouse.io/vatnsystems,,
Guardio,exists,https://guardio.breezy.hr,,
Sokin,exists,unknown,,
Antares,exists,https://jobs.ashbyhq.com/antares,,
Flex,exists,,,
Serval,exists,https://jobs.ashbyhq.com/serval,,
Adaptive Security,exists,https://jobs.ashbyhq.com/adaptivesecurity,,
Fuse Energy,exists,https://apply.workable.com/fuseenergy,,
Model ML,exists,unknown,,
Titan OS,exists,https://apply.workable.com/titanos,,
Federato,exists,https://job-boards.greenhouse.io/federato,,
Medra,exists,unknown,,
Edison Scientific,exists,https://job-boards.greenhouse.io/edisonscientific,,
Nanit,exists,unknown,,
Efficient Computer,exists,https://job-boards.greenhouse.io/efficientcomputer,,
PermitFlow,exists,https://jobs.ashbyhq.com/permitflow,,
Reema Health,exists,https://job-boards.greenhouse.io/reemahealth,,
Hello Vet,exists,unknown,,
Prime Security,exists,unknown,,
Ray studios,exists,unknown,,
AnySignal,exists,https://jobs.ashbyhq.com/anysignal,,
Unlimited Industries,exists,https://jobs.ashbyhq.com/unlimitedindustries,,
Runware,exists,https://apply.workable.com/runware,,
Truemed,exists,https://jobs.ashbyhq.com/truemed,,
Leona Health,exists,unknown,,
Pryzm,exists,https://jobs.ashbyhq.com/pryzm,,
Ostium,exists,https://jobs.ashbyhq.com/ostium,,
Hnry,exists,https://apply.workable.com/hnry,,
Outset,exists,https://jobs.ashbyhq.com/outset,,
duvo.ai,exists,https://jobs.ashbyhq.com/duvo,,
Safebooks AI,exists,unknown,,
Vinci4D.ai,exists,https://jobs.ashbyhq.com/vinci4d,,
Clarity Pediatrics,exists,https://jobs.ashbyhq.com/claritypediatrics,,
Tin Can,exists,https://jobs.ashbyhq.com/tin-can,,
Trigger.dev,exists,https://apply.workable.com/trigger,,
Fin,exists,https://jobs.ashbyhq.com/fin,,
Bitstack,exists,https://jobs.ashbyhq.com/bitstack,,
BoldVoice,exists,unknown,,
Trial Library,exists,https://jobs.lever.co/triallibrary,,
Simular,exists,https://jobs.ashbyhq.com/simular,,
Qargo TMS,exists,unknown,,
Ritten,exists,unknown,,
Supper,exists,https://apply.workable.com/supper,,
Tutor,exists,https://apply.workable.com/tutor,,
FINNY,exists,unknown,,
Pirros,exists,https://jobs.ashbyhq.com/pirros,,
Studio,exists,https://apply.workable.com/studio,,
Maverick Metals,exists,https://jobs.lever.co/maverickx,,
Orion,exists,https://apply.workable.com/orion,,
Light,exists,https://jobs.ashbyhq.com/light,,
FLORA,exists,https://jobs.ashbyhq.com/flora,,
Valerie Health,exists,https://jobs.ashbyhq.com/valeriehealth,,
Starbridge,exists,https://jobs.ashbyhq.com/starbridge,,
Maxima,exists,https://jobs.ashbyhq.com/maxima,,
Keycard,exists,https://job-boards.greenhouse.io/keycard,,
Flexion Robotics,exists,unknown,,
DualEntry,exists,https://jobs.ashbyhq.com/dualentry,,
Doctronic,exists,https://jobs.ashbyhq.com/doctronic,,
Delian Alliance Industries,exists,unknown,,
Crosby,exists,https://jobs.ashbyhq.com/crosby,,
ChipAgents,exists,unknown,,
Braveheart Bio,exists,https://job-boards.greenhouse.io/braveheartbio,,
Bobyard,exists,https://jobs.ashbyhq.com/bobyard,,
Blossom,exists,https://apply.workable.com/blossom,,
Arbio,exists,unknown,,
1mind,exists,https://jobs.ashbyhq.com/1mind,,
YO,exists,https://apply.workable.com/yo,,
Fermi America,exists,unknown,,
Earthful.me,exists,unknown,,
Social Agent,exists,unknown,,
Terranova,exists,https://jobs.ashbyhq.com/terranova,,
Bespoke Labs,exists,https://jobs.ashbyhq.com/bespokelabs,,
Lyceum,exists,unknown,,
Perle,exists,unknown,,
TwinMind,exists,unknown,,
Provision,exists,https://apply.workable.com/provision,,
CoreStory,exists,https://job-boards.greenhouse.io/corestory,,
Tempo,exists,https://jobs.ashbyhq.com/tempo,,
Willow,exists,https://apply.workable.com/willow,,
Genspark,exists,https://apply.workable.com/genspark,,
OpenFX,exists,https://job-boards.greenhouse.io/openfx,,
Wonderful,exists,https://jobs.ashbyhq.com/wonderful,,
Biographica,exists,unknown,,
Vanna Health,exists,https://job-boards.greenhouse.io/vannahealth,,
Popcorn,exists,https://apply.workable.com/popcorn,,
arcreal,exists,unknown,,
Bahn Express,exists,unknown,,
System,exists,https://job-boards.greenhouse.io/system,,
Bolt Insight,exists,unknown,,
Sibros,exists,https://jobs.lever.co/sibros,,
LawVu,exists,unknown,,
Sofant,exists,unknown,,
Buildforce,exists,unknown,,
ZeroPhase,exists,unknown,,
STRM.BIO,exists,unknown,,
AgileRL,exists,unknown,,
On Me,exists,https://jobs.ashbyhq.com/onme,,
dazzle ai,exists,unknown,,
Navier AI,exists,https://job-boards.greenhouse.io/navierai,,
EraDrive,exists,unknown,,
Opine,exists,unknown,,
Channel3,exists,unknown,,
Lucis (YC X25),exists,unknown,,
Kilo Code,exists,https://jobs.ashbyhq.com/kilocode,,
tofu,exists,unknown,,
NovoLINC,exists,unknown,,
Kivo,exists,https://kivo.breezy.hr,,
AIR Platforms,exists,unknown,,
Cleric,exists,https://jobs.ashbyhq.com/cleric,,
Cynch AI,exists,unknown,,
Double,exists,https://jobs.ashbyhq.com/double,,
The General Intelligence Company of New York,exists,unknown,,
Union.ai,exists,https://jobs.ashbyhq.com/union,,
Sora Schools,exists,https://jobs.lever.co/soraschools,,
Unusual,exists,https://jobs.lever.co/unusual,,
Tobe Energy,exists,unknown,,
PrediQT,exists,unknown,,
Omni Instrument,exists,unknown,,
Natural,exists,unknown,,
"HammerheadAI, Inc..",exists,unknown,,
GetMint,exists,unknown,,
Flux Photonics,exists,unknown,,
Avallon AI (YC X25),exists,unknown,,
AILOS-Robotics,exists,unknown,,
Blazel,exists,unknown,,
Jito Foundation,exists,unknown,,
ZeroPhase,exists,unknown,,
Airweave (YC X25),exists,unknown,,
Fifth Door,exists,unknown,,
General Reasoning,exists,unknown,,
Netpreme,exists,https://jobs.ashbyhq.com/netpreme,,
BluePill AI,exists,unknown,,
Double Blind Bio,exists,unknown,,
Ridley,exists,unknown,,
Cascade Space,exists,unknown,,
LemonSlice,exists,unknown,,
Dryft,exists,https://jobs.ashbyhq.com/dryft,,
Unlimited Industries,exists,https://jobs.ashbyhq.com/unlimitedindustries,,
Bedrock Robotics,exists,https://job-boards.greenhouse.io/bedrockrobotics,,
The General Intelligence Company of New York,exists,unknown,,
Candid Intelligence,exists,https://jobs.ashbyhq.com/candidintelligence,,
Zipline,exists,https://apply.workable.com/zipline,,
Standard Nuclear,exists,https://job-boards.greenhouse.io/standardnuclearinc,,
Onebrief,exists,https://jobs.ashbyhq.com/onebrief,,
Synthesia,exists,,,
Arena,exists,https://jobs.ashbyhq.com/arena,,
Tulip Interfaces,exists,unknown,,
Neurophos,exists,https://jobs.ashbyhq.com/neurophos,,
Oviva,exists,unknown,,
Torq,exists,https://job-boards.greenhouse.io/torq,,
Varda Space Industries,exists,unknown,,
Fluidstack,exists,https://jobs.ashbyhq.com/fluidstack,,
Pennylane,exists,https://jobs.ashbyhq.com/pennylane,,
Waabi,exists,https://jobs.lever.co/waabi,,
Mews,exists,unknown,,
ClickHouse,exists,,,
Zarminali Pediatrics,exists,unknown,,
DayOne,exists,https://apply.workable.com/dayone,,
Mytra,exists,unknown,,
Skild AI,exists,unknown,,
Highnote,exists,https://job-boards.greenhouse.io/highnote,,
Noveon Magnetics,exists,unknown,,
WeLab,exists,unknown,,
JetZero,exists,https://job-boards.greenhouse.io/jetzero,,
Clear Street,exists,https://job-boards.greenhouse.io/clearstreet,,
Nelly Solutions,exists,unknown,,
Zanskar,exists,unknown,,
Parloa,exists,https://job-boards.greenhouse.io/parloa,,
Upscale AI,exists,unknown,,
Decagon,exists,https://jobs.ashbyhq.com/decagon,,
Upwind Security,exists,unknown,,
Baseten,exists,https://jobs.ashbyhq.com/baseten,,
Defense Unicorns,exists,https://job-boards.greenhouse.io/defenseunicorns,,
Oxide Computer,exists,unknown,,
